{"cameraMode":{"drawMode":0,"name":"Shaded","section":"Shading Mode"},"sceneLighting":false,"audioPlay":false,"sceneViewState":{"m_AlwaysRefresh":false,"showFog":true,"showSkybox":false,"showFlares":true,"showImageEffects":true,"showParticleSystems":true,"showVisualEffectGraphs":true,"m_FxEnabled":true},"in2DMode":false,"pivot":{"x":-3.4703969955444338,"y":1.2420145273208619,"z":2.6534934043884279},"rotation":{"x":0.0453842431306839,"y":-0.6434633135795593,"z":0.038265325129032138,"w":0.763171911239624},"size":0.8243362307548523,"orthographic":true}