{"cameraMode":{"drawMode":0,"name":"Shaded","section":"Shading Mode"},"sceneLighting":false,"audioPlay":false,"sceneViewState":{"m_AlwaysRefresh":false,"showFog":true,"showSkybox":false,"showFlares":true,"showImageEffects":true,"showParticleSystems":true,"showVisualEffectGraphs":true,"m_FxEnabled":true},"in2DMode":false,"pivot":{"x":0.41022753715515139,"y":1.6446634531021119,"z":0.22201132774353028},"rotation":{"x":0.21456412971019746,"y":0.4288903772830963,"z":-0.10564283281564713,"w":0.8711299300193787},"size":0.26857176423072817,"orthographic":false}