{"cameraMode":{"drawMode":0,"name":"Shaded","section":"Shading Mode"},"sceneLighting":false,"audioPlay":false,"sceneViewState":{"m_AlwaysRefresh":false,"showFog":true,"showSkybox":false,"showFlares":true,"showImageEffects":true,"showParticleSystems":true,"showVisualEffectGraphs":true,"m_FxEnabled":true},"in2DMode":false,"pivot":{"x":2.7333500385284426,"y":6.257500648498535,"z":3.6048219203948976},"rotation":{"x":0.24404548108577729,"y":0.25664687156677248,"z":-0.06714756786823273,"w":0.9327732920646668},"size":0.48499929904937746,"orthographic":true}